Family;Category;Glyph;Height;Width
Arsilon Regular;Hand;H;240;196
Arsilon Regular;Hand;a;108;130
Arsilon Regular;Hand;k;231;130
Arsilon Regular;Hand;o;114;112
Arsilon Regular;Hand;p;217;172
Arsilon Regular;Hand;x;136;153
Bayshore Bayshore;Hand;H;212;187
Bayshore Bayshore;Hand;a;48;106
Bayshore Bayshore;Hand;k;120;109
Bayshore Bayshore;Hand;o;47;84
Bayshore Bayshore;Hand;p;123;138
Bayshore Bayshore;Hand;x;52;116
Belluga;Hand;H;337;369
Belluga;Hand;a;74;137
Belluga;Hand;k;278;165
Belluga;Hand;o;91;98
Belluga;Hand;p;281;210
Belluga;Hand;x;132;105
Better Times Regular;Hand;H;216;139
Better Times Regular;Hand;a;77;115
Better Times Regular;Hand;k;159;106
Better Times Regular;Hand;o;73;84
Better Times Regular;Hand;p;136;76
Better Times Regular;Hand;x;123;89
Bon Vivant Family Script;Hand;H;310;345
Bon Vivant Family Script;Hand;a;44;101
Bon Vivant Family Script;Hand;k;178;150
Bon Vivant Family Script;Hand;o;68;55
Bon Vivant Family Script;Hand;p;215;220
Bon Vivant Family Script;Hand;x;138;165
Born Ready;Hand;H;280;166
Born Ready;Hand;a;140;89
Born Ready;Hand;k;235;106
Born Ready;Hand;o;114;110
Born Ready;Hand;p;236;147
Born Ready;Hand;x;132;98
Bourton Script Light;Hand;H;183;175
Bourton Script Light;Hand;a;102;101
Bourton Script Light;Hand;k;146;90
Bourton Script Light;Hand;o;102;67
Bourton Script Light;Hand;p;146;81
Bourton Script Light;Hand;x;99;112
FF Market Std Regular;Hand;H;13;120
FF Market Std Regular;Hand;a;13;120
FF Market Std Regular;Hand;k;13;120
FF Market Std Regular;Hand;o;13;120
FF Market Std Regular;Hand;p;13;120
FF Market Std Regular;Hand;x;13;120
FF Tartine Script Std Black;Hand;H;13;120
FF Tartine Script Std Black;Hand;a;13;120
FF Tartine Script Std Black;Hand;k;13;120
FF Tartine Script Std Black;Hand;o;13;120
FF Tartine Script Std Black;Hand;p;13;120
FF Tartine Script Std Black;Hand;x;13;120
Futura Now Script ExtraLight;Hand;H;173;144
Futura Now Script ExtraLight;Hand;a;118;104
Futura Now Script ExtraLight;Hand;k;172;102
Futura Now Script ExtraLight;Hand;o;118;108
Futura Now Script ExtraLight;Hand;p;165;116
Futura Now Script ExtraLight;Hand;x;114;99
Gambler Script Regular;Hand;H;148;155
Gambler Script Regular;Hand;a;84;96
Gambler Script Regular;Hand;k;121;103
Gambler Script Regular;Hand;o;84;89
Gambler Script Regular;Hand;p;120;110
Gambler Script Regular;Hand;x;86;80
Hello Paris Script;Hand;H;148;131
Hello Paris Script;Hand;a;12;51
Hello Paris Script;Hand;k;98;90
Hello Paris Script;Hand;o;23;59
Hello Paris Script;Hand;p;77;86
Hello Paris Script;Hand;x;33;132
Intro Script L Base;Hand;H;193;164
Intro Script L Base;Hand;a;195;194
Intro Script L Base;Hand;k;193;169
Intro Script L Base;Hand;o;195;195
Intro Script L Base;Hand;p;193;154
Intro Script L Base;Hand;x;193;178
Jeff Script;Hand;H;185;144
Jeff Script;Hand;a;124;83
Jeff Script;Hand;k;178;115
Jeff Script;Hand;o;104;90
Jeff Script;Hand;p;193;130
Jeff Script;Hand;x;137;112
La Luxes Script;Hand;H;288;211
La Luxes Script;Hand;a;32;63
La Luxes Script;Hand;k;190;97
La Luxes Script;Hand;o;36;55
La Luxes Script;Hand;p;137;98
La Luxes Script;Hand;x;82;76
Lumios Marker;Hand;H;177;137
Lumios Marker;Hand;a;86;110
Lumios Marker;Hand;k;166;91
Lumios Marker;Hand;o;86;68
Lumios Marker;Hand;p;196;115
Lumios Marker;Hand;x;97;78
Moon Time Regular;Hand;H;216;127
Moon Time Regular;Hand;a;78;91
Moon Time Regular;Hand;k;169;105
Moon Time Regular;Hand;o;65;80
Moon Time Regular;Hand;p;178;128
Moon Time Regular;Hand;x;85;103
PT Script Zephyr;Hand;H;150;199
PT Script Zephyr;Hand;a;92;100
PT Script Zephyr;Hand;k;180;101
PT Script Zephyr;Hand;o;75;70
PT Script Zephyr;Hand;p;167;116
PT Script Zephyr;Hand;x;105;86
Palmer Lake Script;Hand;H;129;93
Palmer Lake Script;Hand;a;80;61
Palmer Lake Script;Hand;k;142;75
Palmer Lake Script;Hand;o;77;55
Palmer Lake Script;Hand;p;142;102
Palmer Lake Script;Hand;x;83;65
Paper Tiger Script Regular;Hand;H;167;229
Paper Tiger Script Regular;Hand;a;109;118
Paper Tiger Script Regular;Hand;k;145;113
Paper Tiger Script Regular;Hand;o;107;93
Paper Tiger Script Regular;Hand;p;144;132
Paper Tiger Script Regular;Hand;x;108;115
Skate Regular;Hand;H;182;182
Skate Regular;Hand;a;130;116
Skate Regular;Hand;k;180;114
Skate Regular;Hand;o;130;104
Skate Regular;Hand;p;180;124
Skate Regular;Hand;x;130;139
Supa Mega Fantastic Regular;Hand;H;213;182
Supa Mega Fantastic Regular;Hand;a;88;101
Supa Mega Fantastic Regular;Hand;k;181;122
Supa Mega Fantastic Regular;Hand;o;85;83
Supa Mega Fantastic Regular;Hand;p;160;155
Supa Mega Fantastic Regular;Hand;x;99;124
Axiforma Book;Sans;H;186;143
Axiforma Book;Sans;a;142;138
Axiforma Book;Sans;k;190;117
Axiforma Book;Sans;o;142;141
Axiforma Book;Sans;p;194;138
Axiforma Book;Sans;x;135;120
Brandon Text Regular;Sans;H;176;141
Brandon Text Regular;Sans;a;122;90
Brandon Text Regular;Sans;k;176;97
Brandon Text Regular;Sans;o;122;117
Brandon Text Regular;Sans;p;179;106
Brandon Text Regular;Sans;x;116;103
Campton Book;Sans;H;171;140
Campton Book;Sans;a;123;121
Campton Book;Sans;k;178;116
Campton Book;Sans;o;123;125
Campton Book;Sans;p;178;121
Campton Book;Sans;x;117;121
Cera PRO Regular;Sans;H;166;133
Cera PRO Regular;Sans;a;128;102
Cera PRO Regular;Sans;k;188;103
Cera PRO Regular;Sans;o;128;129
Cera PRO Regular;Sans;p;171;125
Cera PRO Regular;Sans;x;123;115
DIN Next Pro Regular;Sans;H;171;122
DIN Next Pro Regular;Sans;a;126;97
DIN Next Pro Regular;Sans;k;171;101
DIN Next Pro Regular;Sans;o;126;103
DIN Next Pro Regular;Sans;p;169;102
DIN Next Pro Regular;Sans;x;121;106
Din Condensed Variable;Sans;H;176;84
Din Condensed Variable;Sans;a;129;77
Din Condensed Variable;Sans;k;176;88
Din Condensed Variable;Sans;o;129;77
Din Condensed Variable;Sans;p;179;77
Din Condensed Variable;Sans;x;125;88
FF Clan Std Regular;Sans;H;188;136
FF Clan Std Regular;Sans;a;154;106
FF Clan Std Regular;Sans;k;201;113
FF Clan Std Regular;Sans;o;155;125
FF Clan Std Regular;Sans;p;188;119
FF Clan Std Regular;Sans;x;148;123
FF DIN Std Regular;Sans;H;179;124
FF DIN Std Regular;Sans;a;127;99
FF DIN Std Regular;Sans;k;179;104
FF DIN Std Regular;Sans;o;127;101
FF DIN Std Regular;Sans;p;181;99
FF DIN Std Regular;Sans;x;124;104
FF Mark Pro Regular;Sans;H;176;147
FF Mark Pro Regular;Sans;a;125;123
FF Mark Pro Regular;Sans;k;181;107
FF Mark Pro Regular;Sans;o;125;126
FF Mark Pro Regular;Sans;p;173;123
FF Mark Pro Regular;Sans;x;119;120
Futura PT Medium;Sans;H;168;123
Futura PT Medium;Sans;a;113;108
Futura PT Medium;Sans;k;183;95
Futura PT Medium;Sans;o;113;113
Futura PT Medium;Sans;p;167;108
Futura PT Medium;Sans;x;106;122
Galano Grotesque Regular;Sans;H;168;141
Galano Grotesque Regular;Sans;a;131;131
Galano Grotesque Regular;Sans;k;181;121
Galano Grotesque Regular;Sans;o;130;132
Galano Grotesque Regular;Sans;p;170;130
Galano Grotesque Regular;Sans;x;124;123
Geogrotesque Regular;Sans;H;171;110
Geogrotesque Regular;Sans;a;128;94
Geogrotesque Regular;Sans;k;176;94
Geogrotesque Regular;Sans;o;128;95
Geogrotesque Regular;Sans;p;178;96
Geogrotesque Regular;Sans;x;124;102
Gilroy Regular;Sans;H;176;131
Gilroy Regular;Sans;a;132;132
Gilroy Regular;Sans;k;176;102
Gilroy Regular;Sans;o;132;132
Gilroy Regular;Sans;p;180;133
Gilroy Regular;Sans;x;126;118
Helvetica Now Text Regular;Sans;H;179;142
Helvetica Now Text Regular;Sans;a;138;125
Helvetica Now Text Regular;Sans;k;179;113
Helvetica Now Text Regular;Sans;o;137;126
Helvetica Now Text Regular;Sans;p;185;119
Helvetica Now Text Regular;Sans;x;130;129
Helvetica Regular;Sans;H;180;143
Helvetica Regular;Sans;a;139;124
Helvetica Regular;Sans;k;180;110
Helvetica Regular;Sans;o;139;123
Helvetica Regular;Sans;p;187;116
Helvetica Regular;Sans;x;132;120
ITC Avant Garde Gothic Book;Sans;H;186;134
ITC Avant Garde Gothic Book;Sans;a;145;146
ITC Avant Garde Gothic Book;Sans;k;186;108
ITC Avant Garde Gothic Book;Sans;o;145;144
ITC Avant Garde Gothic Book;Sans;p;190;146
ITC Avant Garde Gothic Book;Sans;x;138;115
Mont Regular;Sans;H;176;136
Mont Regular;Sans;a;142;144
Mont Regular;Sans;k;184;115
Mont Regular;Sans;o;142;145
Mont Regular;Sans;p;188;142
Mont Regular;Sans;x;136;125
Neue Haas Grotesk Text 55 Roman;Sans;H;187;148
Neue Haas Grotesk Text 55 Roman;Sans;a;141;128
Neue Haas Grotesk Text 55 Roman;Sans;k;187;116
Neue Haas Grotesk Text 55 Roman;Sans;o;142;133
Neue Haas Grotesk Text 55 Roman;Sans;p;184;125
Neue Haas Grotesk Text 55 Roman;Sans;x;135;130
Panton Narrow Regular;Sans;H;178;123
Panton Narrow Regular;Sans;a;137;96
Panton Narrow Regular;Sans;k;186;96
Panton Narrow Regular;Sans;o;137;102
Panton Narrow Regular;Sans;p;189;97
Panton Narrow Regular;Sans;x;129;105
Steradian Regular;Sans;H;177;132
Steradian Regular;Sans;a;133;108
Steradian Regular;Sans;k;186;111
Steradian Regular;Sans;o;133;136
Steradian Regular;Sans;p;184;136
Steradian Regular;Sans;x;127;121
Sucrose Bold Two;Sans;H;178;120
Sucrose Bold Two;Sans;a;177;130
Sucrose Bold Two;Sans;k;178;125
Sucrose Bold Two;Sans;o;178;115
Sucrose Bold Two;Sans;p;177;114
Sucrose Bold Two;Sans;x;177;132
TT Commons Classic Regular;Sans;H;158;117
TT Commons Classic Regular;Sans;a;116;91
TT Commons Classic Regular;Sans;k;158;90
TT Commons Classic Regular;Sans;o;116;106
TT Commons Classic Regular;Sans;p;155;106
TT Commons Classic Regular;Sans;x;113;103
TT Firs Neue Regular;Sans;H;176;140
TT Firs Neue Regular;Sans;a;131;126
TT Firs Neue Regular;Sans;k;176;114
TT Firs Neue Regular;Sans;o;131;131
TT Firs Neue Regular;Sans;p;176;126
TT Firs Neue Regular;Sans;x;126;120
TT Norms Pro Regular;Sans;H;176;137
TT Norms Pro Regular;Sans;a;126;100
TT Norms Pro Regular;Sans;k;176;105
TT Norms Pro Regular;Sans;o;126;123
TT Norms Pro Regular;Sans;p;176;119
TT Norms Pro Regular;Sans;x;121;112
Above the Beyond Script;Script;H;414;286
Above the Beyond Script;Script;a;133;193
Above the Beyond Script;Script;k;287;189
Above the Beyond Script;Script;o;136;150
Above the Beyond Script;Script;p;335;244
Above the Beyond Script;Script;x;183;196
Absolute Beauty Script Regular;Script;H;155;163
Absolute Beauty Script Regular;Script;a;34;80
Absolute Beauty Script Regular;Script;k;146;148
Absolute Beauty Script Regular;Script;o;30;64
Absolute Beauty Script Regular;Script;p;174;129
Absolute Beauty Script Regular;Script;x;39;78
Authenia Textured;Script;H;167;160
Authenia Textured;Script;a;81;102
Authenia Textured;Script;k;164;124
Authenia Textured;Script;o;80;85
Authenia Textured;Script;p;154;123
Authenia Textured;Script;x;99;90
Beloved Script;Script;H;227;318
Beloved Script;Script;a;72;107
Beloved Script;Script;k;146;115
Beloved Script;Script;o;69;67
Beloved Script;Script;p;157;108
Beloved Script;Script;x;86;97
Boston Skyline Rough;Script;H;229;145
Boston Skyline Rough;Script;a;92;91
Boston Skyline Rough;Script;k;167;91
Boston Skyline Rough;Script;o;89;78
Boston Skyline Rough;Script;p;161;103
Boston Skyline Rough;Script;x;108;86
Chin Up Buttercup;Script;H;196;152
Chin Up Buttercup;Script;a;68;68
Chin Up Buttercup;Script;k;163;78
Chin Up Buttercup;Script;o;59;60
Chin Up Buttercup;Script;p;143;58
Chin Up Buttercup;Script;x;86;60
Delivery Note Regular;Script;H;183;81
Delivery Note Regular;Script;a;117;79
Delivery Note Regular;Script;k;170;73
Delivery Note Regular;Script;o;112;78
Delivery Note Regular;Script;p;146;52
Delivery Note Regular;Script;x;117;78
Double Porter 1;Script;H;161;181
Double Porter 1;Script;a;84;95
Double Porter 1;Script;k;132;96
Double Porter 1;Script;o;85;89
Double Porter 1;Script;p;124;109
Double Porter 1;Script;x;88;94
Fabiola Script;Script;H;206;301
Fabiola Script;Script;a;101;118
Fabiola Script;Script;k;160;147
Fabiola Script;Script;o;101;99
Fabiola Script;Script;p;149;175
Fabiola Script;Script;x;101;125
Fineday Style One;Script;H;180;224
Fineday Style One;Script;a;112;146
Fineday Style One;Script;k;157;137
Fineday Style One;Script;o;113;127
Fineday Style One;Script;p;164;144
Fineday Style One;Script;x;122;138
Garden Grown;Script;H;190;130
Garden Grown;Script;a;105;125
Garden Grown;Script;k;169;82
Garden Grown;Script;o;112;98
Garden Grown;Script;p;197;85
Garden Grown;Script;x;113;82
Gelato Fresco Regular;Script;H;192;238
Gelato Fresco Regular;Script;a;98;116
Gelato Fresco Regular;Script;k;181;115
Gelato Fresco Regular;Script;o;103;113
Gelato Fresco Regular;Script;p;171;114
Gelato Fresco Regular;Script;x;108;101
Handelson One;Script;H;175;192
Handelson One;Script;a;85;105
Handelson One;Script;k;161;110
Handelson One;Script;o;89;99
Handelson One;Script;p;161;145
Handelson One;Script;x;90;111
Hanley Pro Script Alt;Script;H;252;266
Hanley Pro Script Alt;Script;a;114;156
Hanley Pro Script Alt;Script;k;166;157
Hanley Pro Script Alt;Script;o;117;146
Hanley Pro Script Alt;Script;p;170;195
Hanley Pro Script Alt;Script;x;113;157
Harman Script;Script;H;283;330
Harman Script;Script;a;136;177
Harman Script;Script;k;205;175
Harman Script;Script;o;137;154
Harman Script;Script;p;235;204
Harman Script;Script;x;136;156
Just Lovely;Script;H;215;164
Just Lovely;Script;a;82;98
Just Lovely;Script;k;167;84
Just Lovely;Script;o;70;73
Just Lovely;Script;p;173;89
Just Lovely;Script;x;92;62
Limon Script Regular;Script;H;250;281
Limon Script Regular;Script;a;137;134
Limon Script Regular;Script;k;200;119
Limon Script Regular;Script;o;154;115
Limon Script Regular;Script;p;189;104
Limon Script Regular;Script;x;157;134
Local Brewery;Script;H;204;218
Local Brewery;Script;a;125;152
Local Brewery;Script;k;166;155
Local Brewery;Script;o;123;126
Local Brewery;Script;p;170;163
Local Brewery;Script;x;124;149
Madina Script;Script;H;301;237
Madina Script;Script;a;128;110
Madina Script;Script;k;256;118
Madina Script;Script;o;91;73
Madina Script;Script;p;234;164
Madina Script;Script;x;191;133
Magnite Regular;Script;H;231;184
Magnite Regular;Script;a;39;90
Magnite Regular;Script;k;184;79
Magnite Regular;Script;o;45;76
Magnite Regular;Script;p;176;61
Magnite Regular;Script;x;54;79
Meritocracy Regular;Script;H;262;155
Meritocracy Regular;Script;a;54;83
Meritocracy Regular;Script;k;166;107
Meritocracy Regular;Script;o;55;71
Meritocracy Regular;Script;p;170;120
Meritocracy Regular;Script;x;88;99
"Nexa Rust Script S 4";Script;H;183;171
"Nexa Rust Script S 4";Script;a;183;207
"Nexa Rust Script S 4";Script;k;183;167
"Nexa Rust Script S 4";Script;o;190;202
"Nexa Rust Script S 4";Script;p;182;163
"Nexa Rust Script S 4";Script;x;183;183
Northwell Reg;Script;H;249;136
Northwell Reg;Script;a;58;111
Northwell Reg;Script;k;238;112
Northwell Reg;Script;o;56;81
Northwell Reg;Script;p;209;95
Northwell Reg;Script;x;93;108
Organika Script;Script;H;216;143
Organika Script;Script;a;95;120
Organika Script;Script;k;176;107
Organika Script;Script;o;97;90
Organika Script;Script;p;173;86
Organika Script;Script;x;114;93
Rollerscript Smooth;Script;H;176;166
Rollerscript Smooth;Script;a;90;159
Rollerscript Smooth;Script;k;175;152
Rollerscript Smooth;Script;o;97;84
Rollerscript Smooth;Script;p;195;200
Rollerscript Smooth;Script;x;116;111
"Saturday Script";Script;H;269;178
"Saturday Script";Script;a;126;96
"Saturday Script";Script;k;250;117
"Saturday Script";Script;o;116;97
"Saturday Script";Script;p;201;125
"Saturday Script";Script;x;148;106
Selfie Selfie;Script;H;197;325
Selfie Selfie;Script;a;94;88
Selfie Selfie;Script;k;149;107
Selfie Selfie;Script;o;94;72
Selfie Selfie;Script;p;158;117
Selfie Selfie;Script;x;95;106
Seventies Regular;Script;H;243;341
Seventies Regular;Script;a;103;113
Seventies Regular;Script;k;158;124
Seventies Regular;Script;o;104;93
Seventies Regular;Script;p;150;139
Seventies Regular;Script;x;131;116
Silver South Script;Script;H;213;158
Silver South Script;Script;a;63;104
Silver South Script;Script;k;143;91
Silver South Script;Script;o;54;32
Silver South Script;Script;p;128;57
Silver South Script;Script;x;86;102
Summer Loving Regular;Script;H;197;127
Summer Loving Regular;Script;a;98;66
Summer Loving Regular;Script;k;125;101
Summer Loving Regular;Script;o;89;60
Summer Loving Regular;Script;p;99;77
Summer Loving Regular;Script;x;131;95
Thirsty Rough Bold Three;Script;H;245;261
Thirsty Rough Bold Three;Script;a;138;169
Thirsty Rough Bold Three;Script;k;185;177
Thirsty Rough Bold Three;Script;o;138;160
Thirsty Rough Bold Three;Script;p;185;196
Thirsty Rough Bold Three;Script;x;138;153
Turbinado Light Pro;Script;H;182;131
Turbinado Light Pro;Script;a;83;90
Turbinado Light Pro;Script;k;150;74
Turbinado Light Pro;Script;o;83;80
Turbinado Light Pro;Script;p;154;108
Turbinado Light Pro;Script;x;94;77
Viva Beautiful;Script;H;167;119
Viva Beautiful;Script;a;105;135
Viva Beautiful;Script;k;176;133
Viva Beautiful;Script;o;101;112
Viva Beautiful;Script;p;172;105
Viva Beautiful;Script;x;107;103
White Oleander;Script;H;234;230
White Oleander;Script;a;47;101
White Oleander;Script;k;206;122
White Oleander;Script;o;51;86
White Oleander;Script;p;194;188
White Oleander;Script;x;60;64
Aire Roman Std;Serif;H;174;139
Aire Roman Std;Serif;a;119;106
Aire Roman Std;Serif;k;182;113
Aire Roman Std;Serif;o;118;107
Aire Roman Std;Serif;p;180;117
Aire Roman Std;Serif;x;115;114
Albra Text Semi;Serif;H;180;193
Albra Text Semi;Serif;a;128;131
Albra Text Semi;Serif;k;191;145
Albra Text Semi;Serif;o;128;129
Albra Text Semi;Serif;p;176;140
Albra Text Semi;Serif;x;122;136
Anko Regular;Serif;H;168;179
Anko Regular;Serif;a;117;105
Anko Regular;Serif;k;180;124
Anko Regular;Serif;o;116;109
Anko Regular;Serif;p;167;124
Anko Regular;Serif;x;111;125
Baltica Regular;Serif;H;168;186
Baltica Regular;Serif;a;122;118
Baltica Regular;Serif;k;169;138
Baltica Regular;Serif;o;122;121
Baltica Regular;Serif;p;172;131
Baltica Regular;Serif;x;116;133
Bauer Bodoni D Regular;Serif;H;168;190
Bauer Bodoni D Regular;Serif;a;106;116
Bauer Bodoni D Regular;Serif;k;177;124
Bauer Bodoni D Regular;Serif;o;106;109
Bauer Bodoni D Regular;Serif;p;168;128
Bauer Bodoni D Regular;Serif;x;97;129
Begum;Serif;H;169;154
Begum;Serif;a;134;114
Begum;Serif;k;192;126
Begum;Serif;o;134;126
Begum;Serif;p;192;125
Begum;Serif;x;128;139
Blacker Pro Display Medium;Serif;H;177;183
Blacker Pro Display Medium;Serif;a;130;117
Blacker Pro Display Medium;Serif;k;185;142
Blacker Pro Display Medium;Serif;o;130;132
Blacker Pro Display Medium;Serif;p;178;140
Blacker Pro Display Medium;Serif;x;124;138
Bodoni Std Book;Serif;H;168;161
Bodoni Std Book;Serif;a;106;102
Bodoni Std Book;Serif;k;175;111
Bodoni Std Book;Serif;o;106;97
Bodoni Std Book;Serif;p;159;112
Bodoni Std Book;Serif;x;100;104
Capitolium 2 Regular;Serif;H;166;164
Capitolium 2 Regular;Serif;a;119;103
Capitolium 2 Regular;Serif;k;184;123
Capitolium 2 Regular;Serif;o;120;114
Capitolium 2 Regular;Serif;p;179;126
Capitolium 2 Regular;Serif;x;116;122
Cardillac;Serif;H;174;170
Cardillac;Serif;a;126;116
Cardillac;Serif;k;188;132
Cardillac;Serif;o;126;116
Cardillac;Serif;p;181;131
Cardillac;Serif;x;119;135
Corporate A Regular;Serif;H;169;154
Corporate A Regular;Serif;a;124;103
Corporate A Regular;Serif;k;171;127
Corporate A Regular;Serif;o;125;99
Corporate A Regular;Serif;p;172;116
Corporate A Regular;Serif;x;120;121
Desire Basic;Serif;H;170;105
Desire Basic;Serif;a;119;79
Desire Basic;Serif;k;170;93
Desire Basic;Serif;o;119;81
Desire Basic;Serif;p;171;91
Desire Basic;Serif;x;115;90
Dress Base;Serif;H;208;159
Dress Base;Serif;a;181;137
Dress Base;Serif;k;181;140
Dress Base;Serif;o;184;136
Dress Base;Serif;p;183;123
Dress Base;Serif;x;181;142
Editor Bold;Serif;H;188;196
Editor Bold;Serif;a;129;132
Editor Bold;Serif;k;188;158
Editor Bold;Serif;o;129;138
Editor Bold;Serif;p;184;146
Editor Bold;Serif;x;124;153
Freight Display Pro Semibold;Serif;H;157;174
Freight Display Pro Semibold;Serif;a;115;107
Freight Display Pro Semibold;Serif;k;171;124
Freight Display Pro Semibold;Serif;o;116;119
Freight Display Pro Semibold;Serif;p;175;126
Freight Display Pro Semibold;Serif;x;109;123
Hermann Semi Bold;Serif;H;162;183
Hermann Semi Bold;Serif;a;106;101
Hermann Semi Bold;Serif;k;177;113
Hermann Semi Bold;Serif;o;106;104
Hermann Semi Bold;Serif;p;157;114
Hermann Semi Bold;Serif;x;98;111
ITC Charter Pro Regular;Serif;H;169;169
ITC Charter Pro Regular;Serif;a;125;113
ITC Charter Pro Regular;Serif;k;185;129
ITC Charter Pro Regular;Serif;o;126;117
ITC Charter Pro Regular;Serif;p;178;125
ITC Charter Pro Regular;Serif;x;121;123
ITC Cheltenham Pro Condensed Bold Italic;Serif;H;176;177
ITC Cheltenham Pro Condensed Bold Italic;Serif;a;128;119
ITC Cheltenham Pro Condensed Bold Italic;Serif;k;180;120
ITC Cheltenham Pro Condensed Bold Italic;Serif;o;128;115
ITC Cheltenham Pro Condensed Bold Italic;Serif;p;175;129
ITC Cheltenham Pro Condensed Bold Italic;Serif;x;128;134
Jazmín Alt Thin;Serif;H;183;148
Jazmín Alt Thin;Serif;a;129;100
Jazmín Alt Thin;Serif;k;188;99
Jazmín Alt Thin;Serif;o;129;121
Jazmín Alt Thin;Serif;p;177;116
Jazmín Alt Thin;Serif;x;125;112
Lawrence Bold;Serif;H;133;129
Lawrence Bold;Serif;a;90;88
Lawrence Bold;Serif;k;139;103
Lawrence Bold;Serif;o;90;91
Lawrence Bold;Serif;p;132;95
Lawrence Bold;Serif;x;88;102
Linotype Didot Pro Roman;Serif;H;179;190
Linotype Didot Pro Roman;Serif;a;115;110
Linotype Didot Pro Roman;Serif;k;181;127
Linotype Didot Pro Roman;Serif;o;115;118
Linotype Didot Pro Roman;Serif;p;182;129
Linotype Didot Pro Roman;Serif;x;108;122
Minion Bold;Serif;H;163;179
Minion Bold;Serif;a;117;110
Minion Bold;Serif;k;178;133
Minion Bold;Serif;o;117;118
Minion Bold;Serif;p;175;126
Minion Bold;Serif;x;111;123
Morison Regular;Serif;H;180;196
Morison Regular;Serif;a;127;124
Morison Regular;Serif;k;193;139
Morison Regular;Serif;o;127;125
Morison Regular;Serif;p;170;134
Morison Regular;Serif;x;120;138
Mrs Eaves Roman;Serif;H;151;174
Mrs Eaves Roman;Serif;a;92;88
Mrs Eaves Roman;Serif;k;155;110
Mrs Eaves Roman;Serif;o;93;102
Mrs Eaves Roman;Serif;p;151;113
Mrs Eaves Roman;Serif;x;84;101
Quiche Flare Medium;Serif;H;176;166
Quiche Flare Medium;Serif;a;131;126
Quiche Flare Medium;Serif;k;183;128
Quiche Flare Medium;Serif;o;131;135
Quiche Flare Medium;Serif;p;184;136
Quiche Flare Medium;Serif;x;126;125
Radiata Regular;Serif;H;174;181
Radiata Regular;Serif;a;132;109
Radiata Regular;Serif;k;193;139
Radiata Regular;Serif;o;134;121
Radiata Regular;Serif;p;186;129
Radiata Regular;Serif;x;123;135
Recoleta Regular;Serif;H;178;163
Recoleta Regular;Serif;a;126;118
Recoleta Regular;Serif;k;189;126
Recoleta Regular;Serif;o;126;125
Recoleta Regular;Serif;p;181;127
Recoleta Regular;Serif;x;121;125
Rossanova Thin;Serif;H;163;121
Rossanova Thin;Serif;a;114;86
Rossanova Thin;Serif;k;177;92
Rossanova Thin;Serif;o;114;96
Rossanova Thin;Serif;p;158;99
Rossanova Thin;Serif;x;111;86
Sabon Roman;Serif;H;175;197
Sabon Roman;Serif;a;119;107
Sabon Roman;Serif;k;192;127
Sabon Roman;Serif;o;119;119
Sabon Roman;Serif;p;174;125
Sabon Roman;Serif;x;111;131
Silk Serif Regular;Serif;H;176;172
Silk Serif Regular;Serif;a;121;113
Silk Serif Regular;Serif;k;180;119
Silk Serif Regular;Serif;o;121;118
Silk Serif Regular;Serif;p;172;124
Silk Serif Regular;Serif;x;113;127
TT Jenevers Regular;Serif;H;193;189
TT Jenevers Regular;Serif;a;131;118
TT Jenevers Regular;Serif;k;203;145
TT Jenevers Regular;Serif;o;131;129
TT Jenevers Regular;Serif;p;186;133
TT Jenevers Regular;Serif;x;126;138
Velour Regular;Serif;H;166;171
Velour Regular;Serif;a;122;121
Velour Regular;Serif;k;175;157
Velour Regular;Serif;o;119;122
Velour Regular;Serif;p;167;133
Velour Regular;Serif;x;112;132
Zeit Regular;Serif;H;177;208
Zeit Regular;Serif;a;127;132
Zeit Regular;Serif;k;189;152
Zeit Regular;Serif;o;126;132
Zeit Regular;Serif;p;170;145
Zeit Regular;Serif;x;120;147
Aptifer Slab Pro Regular;Slab;H;171;162
Aptifer Slab Pro Regular;Slab;a;130;116
Aptifer Slab Pro Regular;Slab;k;181;132
Aptifer Slab Pro Regular;Slab;o;130;112
Aptifer Slab Pro Regular;Slab;p;180;129
Aptifer Slab Pro Regular;Slab;x;124;132
Artegra Slab Regular;Slab;H;176;178
Artegra Slab Regular;Slab;a;129;129
Artegra Slab Regular;Slab;k;186;134
Artegra Slab Regular;Slab;o;129;129
Artegra Slab Regular;Slab;p;192;145
Artegra Slab Regular;Slab;x;124;133
Bogue Slab Regular;Slab;H;172;186
Bogue Slab Regular;Slab;a;129;132
Bogue Slab Regular;Slab;k;186;144
Bogue Slab Regular;Slab;o;129;131
Bogue Slab Regular;Slab;p;177;141
Bogue Slab Regular;Slab;x;124;133
Breton Bold;Slab;H;166;145
Breton Bold;Slab;a;121;135
Breton Bold;Slab;k;172;111
Breton Bold;Slab;o;121;127
Breton Bold;Slab;p;168;135
Breton Bold;Slab;x;116;110
Calvert Pro Regular;Slab;H;177;164
Calvert Pro Regular;Slab;a;141;131
Calvert Pro Regular;Slab;k;187;133
Calvert Pro Regular;Slab;o;141;128
Calvert Pro Regular;Slab;p;182;139
Calvert Pro Regular;Slab;x;135;118
Circuit;Slab;H;176;143
Circuit;Slab;a;138;134
Circuit;Slab;k;184;136
Circuit;Slab;o;138;133
Circuit;Slab;p;186;154
Circuit;Slab;x;133;134
Clarendon BT Std Light;Slab;H;169;196
Clarendon BT Std Light;Slab;a;128;133
Clarendon BT Std Light;Slab;k;169;151
Clarendon BT Std Light;Slab;o;128;131
Clarendon BT Std Light;Slab;p;176;140
Clarendon BT Std Light;Slab;x;119;145
Clarendon BT Std Roman;Slab;H;169;198
Clarendon BT Std Roman;Slab;a;128;136
Clarendon BT Std Roman;Slab;k;169;156
Clarendon BT Std Roman;Slab;o;128;134
Clarendon BT Std Roman;Slab;p;176;144
Clarendon BT Std Roman;Slab;x;119;158
Courier New OS Regular;Slab;H;144;126
Courier New OS Regular;Slab;a;114;119
Courier New OS Regular;Slab;k;154;121
Courier New OS Regular;Slab;o;114;116
Courier New OS Regular;Slab;p;158;131
Courier New OS Regular;Slab;x;106;127
DIN Next Slab;Slab;H;171;155
DIN Next Slab;Slab;a;126;113
DIN Next Slab;Slab;k;171;124
DIN Next Slab;Slab;o;126;104
DIN Next Slab;Slab;p;169;119
DIN Next Slab;Slab;x;121;111
Egyptian Slate Pro Regular;Slab;H;160;168
Egyptian Slate Pro Regular;Slab;a;122;115
Egyptian Slate Pro Regular;Slab;k;165;134
Egyptian Slate Pro Regular;Slab;o;122;113
Egyptian Slate Pro Regular;Slab;p;162;130
Egyptian Slate Pro Regular;Slab;x;116;127
FF Ernestine Pro Regular;Slab;H;13;120
FF Ernestine Pro Regular;Slab;a;13;120
FF Ernestine Pro Regular;Slab;k;13;120
FF Ernestine Pro Regular;Slab;o;13;120
FF Ernestine Pro Regular;Slab;p;13;120
FF Ernestine Pro Regular;Slab;x;13;120
Foro Rounded Regular;Slab;H;170;182
Foro Rounded Regular;Slab;a;133;124
Foro Rounded Regular;Slab;k;186;144
Foro Rounded Regular;Slab;o;133;119
Foro Rounded Regular;Slab;p;190;134
Foro Rounded Regular;Slab;x;125;141
Glypha Pro 55 Roman;Slab;H;180;181
Glypha Pro 55 Roman;Slab;a;137;125
Glypha Pro 55 Roman;Slab;k;180;131
Glypha Pro 55 Roman;Slab;o;137;122
Glypha Pro 55 Roman;Slab;p;176;140
Glypha Pro 55 Roman;Slab;x;131;133
Henderson Slab Regular;Slab;H;172;201
Henderson Slab Regular;Slab;a;138;154
Henderson Slab Regular;Slab;k;174;163
Henderson Slab Regular;Slab;o;140;139
Henderson Slab Regular;Slab;p;187;154
Henderson Slab Regular;Slab;x;130;158
ITC American Typewriter Std Medium;Slab;H;175;192
ITC American Typewriter Std Medium;Slab;a;139;141
ITC American Typewriter Std Medium;Slab;k;177;157
ITC American Typewriter Std Medium;Slab;o;139;122
ITC American Typewriter Std Medium;Slab;p;180;142
ITC American Typewriter Std Medium;Slab;x;131;160
Klose Slab Regular;Slab;H;176;266
Klose Slab Regular;Slab;a;146;219
Klose Slab Regular;Slab;k;195;238
Klose Slab Regular;Slab;o;146;193
Klose Slab Regular;Slab;p;193;216
Klose Slab Regular;Slab;x;138;219
LTC Squareface Regular;Slab;H;176;189
LTC Squareface Regular;Slab;a;116;130
LTC Squareface Regular;Slab;k;176;141
LTC Squareface Regular;Slab;o;115;117
LTC Squareface Regular;Slab;p;160;139
LTC Squareface Regular;Slab;x;115;127
Leto Two;Slab;H;174;188
Leto Two;Slab;a;134;130
Leto Two;Slab;k;185;157
Leto Two;Slab;o;134;139
Leto Two;Slab;p;183;155
Leto Two;Slab;x;134;156
Mortise X Bold;Slab;H;163;176
Mortise X Bold;Slab;a;130;136
Mortise X Bold;Slab;k;175;148
Mortise X Bold;Slab;o;130;133
Mortise X Bold;Slab;p;178;147
Mortise X Bold;Slab;x;125;135
Museo Slab 500;Slab;H;177;187
Museo Slab 500;Slab;a;133;125
Museo Slab 500;Slab;k;177;133
Museo Slab 500;Slab;o;133;137
Museo Slab 500;Slab;p;181;143
Museo Slab 500;Slab;x;127;126
Museo 500;Slab;H;177;174
Museo 500;Slab;a;133;123
Museo 500;Slab;k;177;125
Museo 500;Slab;o;133;137
Museo 500;Slab;p;181;138
Museo 500;Slab;x;127;116
Newslab Thin;Slab;H;173;179
Newslab Thin;Slab;a;121;112
Newslab Thin;Slab;k;187;130
Newslab Thin;Slab;o;121;114
Newslab Thin;Slab;p;189;126
Newslab Thin;Slab;x;118;127
Nexa Slab Regular;Slab;H;176;184
Nexa Slab Regular;Slab;a;130;151
Nexa Slab Regular;Slab;k;176;132
Nexa Slab Regular;Slab;o;130;130
Nexa Slab Regular;Slab;p;186;151
Nexa Slab Regular;Slab;x;124;125
PMN Caecilia Pro 55 Roman;Slab;H;176;175
PMN Caecilia Pro 55 Roman;Slab;a;136;120
PMN Caecilia Pro 55 Roman;Slab;k;193;139
PMN Caecilia Pro 55 Roman;Slab;o;136;127
PMN Caecilia Pro 55 Roman;Slab;p;196;140
PMN Caecilia Pro 55 Roman;Slab;x;130;137
Rockwell Std Roman;Slab;H;171;165
Rockwell Std Roman;Slab;a;124;120
Rockwell Std Roman;Slab;k;171;137
Rockwell Std Roman;Slab;o;126;126
Rockwell Std Roman;Slab;p;175;146
Rockwell Std Roman;Slab;x;119;131
Sagona Book;Slab;H;171;183
Sagona Book;Slab;a;131;124
Sagona Book;Slab;k;171;141
Sagona Book;Slab;o;131;127
Sagona Book;Slab;p;174;145
Sagona Book;Slab;x;126;137
Sketch Block Bold;Slab;H;179;184
Sketch Block Bold;Slab;a;131;130
Sketch Block Bold;Slab;k;183;157
Sketch Block Bold;Slab;o;127;136
Sketch Block Bold;Slab;p;192;157
Sketch Block Bold;Slab;x;129;142
Smart Chameleon Regular;Slab;H;142;127
Smart Chameleon Regular;Slab;a;116;118
Smart Chameleon Regular;Slab;k;148;116
Smart Chameleon Regular;Slab;o;110;108
Smart Chameleon Regular;Slab;p;152;122
Smart Chameleon Regular;Slab;x;103;137
Suomi Slab Serif Book;Slab;H;174;183
Suomi Slab Serif Book;Slab;a;139;137
Suomi Slab Serif Book;Slab;k;174;142
Suomi Slab Serif Book;Slab;o;139;123
Suomi Slab Serif Book;Slab;p;180;138
Suomi Slab Serif Book;Slab;x;128;142
Technotyp Regular;Slab;H;168;162
Technotyp Regular;Slab;a;112;103
Technotyp Regular;Slab;k;168;116
Technotyp Regular;Slab;o;112;102
Technotyp Regular;Slab;p;147;110
Technotyp Regular;Slab;x;105;114
Vista Slab Regular;Slab;H;169;160
Vista Slab Regular;Slab;a;137;117
Vista Slab Regular;Slab;k;190;121
Vista Slab Regular;Slab;o;137;113
Vista Slab Regular;Slab;p;186;123
Vista Slab Regular;Slab;x;136;119
