Typeface,AF Blur 197 thresh,BM,Difference,AF No Blur 197 thresh,DIfference,AF No Blur 230 thresh,Difference
Arsilon,4,4,0,2,2,4,0
Bayshore,5,5,0,5,0,5,0
Belluga,4,3,1,2,1,2,1
Better Times,4,4,0,4,0,4,0
Bon Vivant Family,2,2,0,2,0,2,0
Born Ready,2,3,1,0,3,1,2
Bourton,3,3,0,3,0,3,0
FF Market,3,2,1,3,1,3,1
FF Tartine Script,0,1,1,0,1,0,1
Futura Now,0,0,0,0,0,0,0
Gambler,4,4,0,4,0,4,0
Hello Paris,4,4,0,4,0,4,0
Intro Rust,5,5,0,5,0,5,0
Jeff Script,0,0,0,0,0,0,0
La Luxes,4,4,0,4,0,4,0
Lumios Marker,0,0,0,0,0,0,0
Moon Time,5,5,0,5,0,5,0
Palmer Lake,2,2,0,2,0,2,0
Paper Tiger,4,4,0,4,0,4,0
PT Script Zephyr,1,0,1,1,1,1,1
Skate,0,0,0,0,0,0,0
Supa Mega Fantastic,5,5,0,5,0,5,0
Axiforma,0,0,0,0,0,0,0
Brandon Text,0,0,0,0,0,0,0
Campton,0,0,0,0,0,0,0
Cera Pro,0,0,0,0,0,0,0
Din Condensed,0,0,0,0,0,0,0
DIN Next S,0,0,0,0,0,0,0
FF Clan,0,0,0,0,0,0,0
FF DIN,0,0,0,0,0,0,0
FF Mark,0,0,0,0,0,0,0
Futura PT,0,0,0,0,0,0,0
Galano Grotesque,0,0,0,0,0,0,0
Geogrotesque,0,0,0,0,0,0,0
Gilroy,0,0,0,0,0,0,0
Helvetica Now,0,0,0,0,0,0,0
Helvetica,0,0,0,0,0,0,0
ITC Avant Garde Gothic,0,0,0,0,0,0,0
Mont,0,0,0,0,0,0,0
Neue Haas Grotesk,0,0,0,0,0,0,0
Panton,0,0,0,0,0,0,0
Steradian,0,0,0,0,0,0,0
Sucrose,0,0,0,0,0,0,0
TT Commons,1,0,1,1,1,1,1
TT Firs Neue,0,0,0,0,0,0,0
TT Norms Pro,0,0,0,0,0,0,0
Above the Beyond,3,5,2,3,2,3,2
Absolute Beauty,5,4,1,5,1,5,1
Authenia,1,1,0,1,0,1,0
Beloved,3,3,0,3,0,3,0
Boston Skyline,3,3,0,1,2,1,2
Chin Up Buttercup,3,2,1,3,1,3,1
Delivery Note,0,0,0,0,0,0,0
Double Porter,4,4,0,4,0,4,0
Fabiola,3,3,0,3,0,3,0
Fineday,3,3,0,3,0,3,0
Garden Grown,2,1,1,2,1,2,1
Gelato Fresco,3,3,0,3,0,3,0
Handelson,4,4,0,4,0,4,0
Hanley Pro,5,5,0,5,0,5,0
Harman,5,5,0,5,0,5,0
Just Lovely,1,1,0,1,0,1,0
Limon,4,4,0,4,0,4,0
Local Brewery,5,5,0,5,0,5,0
Madina Script,5,4,1,3,1,3,1
Magnite,3,3,0,3,0,3,0
Meritocracy,4,4,0,4,0,4,0
Nexa Rust,5,5,0,3,2,3,2
Northwell,3,3,0,1,2,3,0
Organika,3,3,0,3,0,3,0
Rollerscript,1,1,0,1,0,1,0
Sassafrassy,0,3,3,0,3,0,3
Saturday Script,4,2,2,4,2,3,1
Selfie,1,1,0,1,0,1,0
Seventies,4,2,2,2,0,3,1
Silver South,3,3,0,3,0,3,0
Summer Loving,4,2,2,0,2,1,1
Thirsty Rough,5,5,0,3,2,3,2
Turbinado,2,2,0,2,0,2,0
Viva Beautiful,3,4,1,3,1,3,1
White Oleander,3,3,0,3,0,3,0
Aire,0,0,0,0,0,0,0
Albra,0,0,0,0,0,0,0
Anko,0,0,0,0,0,0,0
Baltica,0,0,0,0,0,0,0
Bauer Bodoni,0,0,0,0,0,0,0
Begum,0,0,0,0,0,0,0
Blacker Pro,0,0,0,0,0,0,0
Bodoni,0,0,0,0,0,0,0
Capitolium 2,0,0,0,0,0,0,0
Cardillac,1,0,1,0,0,1,1
Corporate A Pro,0,0,0,0,0,0,0
Desire,1,1,0,1,0,1,0
Dress,1,0,1,1,1,1,1
Editor,0,0,0,0,0,0,0
Freight Display Pro,1,1,0,1,0,1,0
Hermann,0,0,0,0,0,0,0
ITC Charter,1,0,1,1,1,1,1
ITC Cheltenham,0,0,0,0,0,0,0
Jazmín,0,0,0,0,0,0,0
Lawrence,1,1,0,1,0,1,0
Linotype Didot,0,0,0,0,0,0,0
Minion Pro,1,1,0,1,0,1,0
Morison,0,0,0,0,0,0,0
Mrs Eaves,1,0,1,0,0,0,0
Quiche Flare,0,1,1,0,1,1,0
Radiata,0,0,0,0,0,0,0
Recoleta,1,0,1,0,0,1,1
Rossanova,0,0,0,0,0,0,0
Sabon,0,0,0,0,0,0,0
Silk Serif,1,1,0,0,1,1,0
TT Jenevers,0,0,0,0,0,0,0
Velour,1,1,0,1,0,1,0
Zeit,0,0,0,0,0,0,0
Aptifer Slab,0,0,0,0,0,0,0
Artegra Slab,0,0,0,0,0,0,0
Bogue Slab,0,0,0,0,0,0,0
Breton,0,0,0,0,0,0,0
Calvert,0,0,0,0,0,0,0
Circuit,0,0,0,0,0,0,0
Clarendon,0,0,0,0,0,0,0
Courier New,0,0,0,0,0,0,0
DIN Next R,0,0,0,0,0,0,0
Egyptian Slate,1,0,1,1,1,1,1
FF Ernestine,0,0,0,0,0,0,0
Foro Rounded,0,0,0,0,0,0,0
Glypha,0,0,0,0,0,0,0
Henderson Slab,0,0,0,0,0,0,0
ITC American Typewriter,1,0,1,0,0,1,1
Klose Slab,0,0,0,0,0,0,0
Leto Two,0,0,0,0,0,0,0
LTC Squareface,0,0,0,0,0,0,0
Mortise,0,0,0,0,0,0,0
Museo (Slab),0,0,0,0,0,0,0
Museo Slab,0,0,0,0,0,0,0
Newslab,0,0,0,0,0,0,0
Nexa Slab,0,0,0,0,0,0,0
PMN Caecilia,0,0,0,0,0,0,0
Rockwell,0,0,0,0,0,0,0
Sagona,0,0,0,0,0,0,0
Sketch Block,0,0,0,0,0,0,0
Smart Chameleon,0,0,0,0,0,0,0
Suomi Slab Serif,0,0,0,0,0,0,0
Technotyp,0,0,0,0,0,0,0
URW Clarendon,1,0,1,0,0,0,0
Vista Slab,0,0,0,0,0,0,0
Yearbook,0,0,0,0,0,0,0

,,,31,,37,,32
